name,code,supply_price,color,size,led,color_temp,features,file_page,source_file
위티 8등 직부,283-001-112-800,112800,"블랙, 화이트",W800×D800×H220,E26×8,,,284,C:\Users\skyjw\Downloads\MK12_페이지별\MK12_p284.pdf
위티 6등 직부,283-002-085-200,85200,"블랙, 화이트",W650×D650×H220,E26×6,,,284,C:\Users\skyjw\Downloads\MK12_페이지별\MK12_p284.pdf
베르디 6등 직부,283-003-025-400,25400,블랙,Ø520×H180,E26×6,,,284,C:\Users\skyjw\Downloads\MK12_페이지별\MK12_p284.pdf
미샤 8등 직부,283-004-060-800,60800,로즈골드,W700×D620×H145,E26×8,,,284,C:\Users\skyjw\Downloads\MK12_페이지별\MK12_p284.pdf
카트 일자 5등 직부,283-005-037-700,37700,블랙,W1000×D180×H170,E26×5,,,284,C:\Users\skyjw\Downloads\MK12_페이지별\MK12_p284.pdf
샤샤 일자 5등 직부,283-006-037-100,37100,블랙,W990×D60×H140,E26×5,,,284,C:\Users\skyjw\Downloads\MK12_페이지별\MK12_p284.pdf
샤샤 일자 3등 직부,283-007-022-900,22900,블랙,W550×D60×H140,E26×3,,,284,C:\Users\skyjw\Downloads\MK12_페이지별\MK12_p284.pdf
미니갓 주방 5등,283-008-024-600,24600,화이트,W1000×D140×H155,E26,,,284,C:\Users\skyjw\Downloads\MK12_페이지별\MK12_p284.pdf
미니갓 주방 4등,283-009-020-100,20100,"화이트, 블랙",W800×D140×H155,E26,,,284,C:\Users\skyjw\Downloads\MK12_페이지별\MK12_p284.pdf
미니갓 주방 3등,283-010-015-600,15600,"화이트, 블랙",W600×D140×H155,E26,,,284,C:\Users\skyjw\Downloads\MK12_페이지별\MK12_p284.pdf
LED 스노우맨 1등 P/D _ A타입(블랙),284-001-052-900,52900,블랙바디,Ø160×H390 (줄길이 700mm),LED 15W,주백색,,285,C:\Users\skyjw\Downloads\MK12_페이지별\MK12_p285.pdf
LED 스노우맨 1등 P/D _ B타입(레드),284-002-064-400,64400,블랙바디,Ø180×H460 (줄길이 700mm),LED 15W,주백색,,285,C:\Users\skyjw\Downloads\MK12_페이지별\MK12_p285.pdf
LED 스노우맨 1등 P/D _ C타입(그린),284-003-064-400,64400,블랙바디,Ø180×H460 (줄길이 700mm),LED 15W,주백색,,285,C:\Users\skyjw\Downloads\MK12_페이지별\MK12_p285.pdf
LED 크로스 P/D,285-001-153-000,153000,샴페인골드바디+크리스탈,"W550×H350 (브라켓 250, 줄길이 1000mm)",LED 50W,주광색+전구색,,286,C:\Users\skyjw\Downloads\MK12_페이지별\MK12_p286.pdf
LED 엘립스 3등 P/D,285-002-134-600,134600,샴페인골드바디+아크릴,"W570×D120×H310 (브라켓 450, 줄길이 1000mm)",LED 30W,전구색,,286,C:\Users\skyjw\Downloads\MK12_페이지별\MK12_p286.pdf
LED 반지 3등 P/D,285-003-120-800,120800,샴페인골드바디,W670×H200 (줄길이 1000mm),LED 25W,주백색,,286,C:\Users\skyjw\Downloads\MK12_페이지별\MK12_p286.pdf
LED 디올 4등 P/D,286-001-154-100,154100,골드바디,W640×D220×H220 (줄길이 1000mm),LED 40W,주백색,,287,C:\Users\skyjw\Downloads\MK12_페이지별\MK12_p287.pdf
LED 디올 6등 P/D,286-002-201-300,201300,골드바디,W980×D180×H220 (줄길이 1000mm),LED 60W,주백색,,287,C:\Users\skyjw\Downloads\MK12_페이지별\MK12_p287.pdf
LED 비렉스 5등 P/D,286-003-136-900,136900,골드바디+아크릴,W740×D380×H270 (줄길이 1000mm),LED 60W,주백색,,287,C:\Users\skyjw\Downloads\MK12_페이지별\MK12_p287.pdf
LED 비렉스 8등 P/D,286-004-161-000,161000,골드바디+아크릴,W920×D380×H270 (줄길이 1000mm),LED 60W,주백색,,287,C:\Users\skyjw\Downloads\MK12_페이지별\MK12_p287.pdf
